{"cameraMode":{"drawMode":0,"name":"Shaded","section":"Shading Mode"},"sceneLighting":true,"audioPlay":false,"sceneViewState":{"m_AlwaysRefresh":false,"showFog":true,"showSkybox":true,"showFlares":true,"showImageEffects":true,"showParticleSystems":true,"showVisualEffectGraphs":true,"m_FxEnabled":true},"in2DMode":false,"pivot":{"x":0.10000002384185791,"y":1.2737760543823243,"z":-5.529999732971191},"rotation":{"x":0.3147626519203186,"y":0.5623466372489929,"z":-0.24428628385066987,"w":0.7245826125144959},"size":1.4696770906448365,"orthographic":false}